Workbook

Sheet Reservas
A1: Apartamento | B1: Plataforma | C1: Check-in | D1: Check-out | E1: Cliente | F1: Importe | G1: Estado
A2: Caiño | B2: Airbnb | C2: 46005 | D2: 46007 | E2: antonio | F2: 100 | G2: =IF(COUNTIFS($A:$A,A2,$C:$C,"<="&#REF!,$D:$D,">"&C2)>1,"⚠ SOLAPADA","OK") -> OK
A3: Loureira | B3: Web | C3: 46008 | D3: 46009 | E3: pedro | F3: 800
B4: Airbnb

Sheet Calendario
A1: Apartamento | B1: 46000 | C1: =B1+1 -> 46001 | D1: =C1+1 -> 46002 | E1: =D1+1 -> 46003 | F1: =E1+1 -> 46004 | G1: =F1+1 -> 46005 | H1: =G1+1 -> 46006 | I1: =H1+1 -> 46007 | J1: =I1+1 -> 46008 | ... AF1: =AE1+1 -> 46030
A2: Caiño | B2: {=IFERROR(INDEX(Reservas!$E$2:$E$500,MATCH(1,(Reservas!$A$2:$A$500=$A2)*(Reservas!$C$2:$C$500<=B$1)*(Reservas!$D$2:$D$500>B$1),0)),"")} | C2: {=IFERROR(INDEX(Reservas!$E$2:$E$500,MATCH(1,(Reservas!$A$2:$A$500=$A2)*(Reservas!$C$2:$C$500<=C$1)*(Reservas!$D$2:$D$500>C$1),0)),"")} | D2: {=IFERROR(INDEX(Reservas!$E$2:$E$500,MATCH(1,(Reservas!$A$2:$A$500=$A2)*(Reservas!$C$2:$C$500<=D$1)*(Reservas!$D$2:$D$500>D$1),0)),"")} | E2: {=IFERROR(INDEX(Reservas!$E$2:$E$500,MATCH(1,(Reservas!$A$2:$A$500=$A2)*(Reservas!$C$2:$C$500<=E$1)*(Reservas!$D$2:$D$500>E$1),0)),"")} | F2: {=IFERROR(INDEX(Reservas!$E$2:$E$500,MATCH(1,(Reservas!$A$2:$A$500=$A2)*(Reservas!$C$2:$C$500<=F$1)*(Reservas!$D$2:$D$500>F$1),0)),"")} | G2: {=IFERROR(INDEX(Reservas!$E$2:$E$500,MATCH(1,(Reservas!$A$2:$A$500=$A2)*(Reservas!$C$2:$C$500<=G$1)*(Reservas!$D$2:$D$500>G$1),0)),"")} -> antonio | H2: {=IFERROR(INDEX(Reservas!$E$2:$E$500,MATCH(1,(Reservas!$A$2:$A$500=$A2)*(Reservas!$C$2:$C$500<=H$1)*(Reservas!$D$2:$D$500>H$1),0)),"")} -> antonio | I2: {=IFERROR(INDEX(Reservas!$E$2:$E$500,MATCH(1,(Reservas!$A$2:$A$500=$A2)*(Reservas!$C$2:$C$500<=I$1)*(Reservas!$D$2:$D$500>I$1),0)),"")} | ... AF2: {=IFERROR(INDEX(Reservas!$E$2:$E$500,MATCH(1,(Reservas!$A$2:$A$500=$A2)*(Reservas!$C$2:$C$500<=AF$1)*(Reservas!$D$2:$D$500>AF$1),0)),"")}
A3: Loureira | B3: {=IFERROR(INDEX(Reservas!$E$2:$E$500,MATCH(1,(Reservas!$A$2:$A$500=$A3)*(Reservas!$C$2:$C$500<=B$1)*(Reservas!$D$2:$D$500>B$1),0)),"")} | C3: {=IFERROR(INDEX(Reservas!$E$2:$E$500,MATCH(1,(Reservas!$A$2:$A$500=$A3)*(Reservas!$C$2:$C$500<=C$1)*(Reservas!$D$2:$D$500>C$1),0)),"")} | D3: {=IFERROR(INDEX(Reservas!$E$2:$E$500,MATCH(1,(Reservas!$A$2:$A$500=$A3)*(Reservas!$C$2:$C$500<=D$1)*(Reservas!$D$2:$D$500>D$1),0)),"")} | E3: {=IFERROR(INDEX(Reservas!$E$2:$E$500,MATCH(1,(Reservas!$A$2:$A$500=$A3)*(Reservas!$C$2:$C$500<=E$1)*(Reservas!$D$2:$D$500>E$1),0)),"")} | F3: {=IFERROR(INDEX(Reservas!$E$2:$E$500,MATCH(1,(Reservas!$A$2:$A$500=$A3)*(Reservas!$C$2:$C$500<=F$1)*(Reservas!$D$2:$D$500>F$1),0)),"")} | G3: {=IFERROR(INDEX(Reservas!$E$2:$E$500,MATCH(1,(Reservas!$A$2:$A$500=$A3)*(Reservas!$C$2:$C$500<=G$1)*(Reservas!$D$2:$D$500>G$1),0)),"")} | H3: {=IFERROR(INDEX(Reservas!$E$2:$E$500,MATCH(1,(Reservas!$A$2:$A$500=$A3)*(Reservas!$C$2:$C$500<=H$1)*(Reservas!$D$2:$D$500>H$1),0)),"")} | I3: {=IFERROR(INDEX(Reservas!$E$2:$E$500,MATCH(1,(Reservas!$A$2:$A$500=$A3)*(Reservas!$C$2:$C$500<=I$1)*(Reservas!$D$2:$D$500>I$1),0)),"")} | ... AF3: {=IFERROR(INDEX(Reservas!$E$2:$E$500,MATCH(1,(Reservas!$A$2:$A$500=$A3)*(Reservas!$C$2:$C$500<=AF$1)*(Reservas!$D$2:$D$500>AF$1),0)),"")}
A4: Treixadura | B4: {=IFERROR(INDEX(Reservas!$E$2:$E$500,MATCH(1,(Reservas!$A$2:$A$500=$A4)*(Reservas!$C$2:$C$500<=B$1)*(Reservas!$D$2:$D$500>B$1),0)),"")} | C4: {=IFERROR(INDEX(Reservas!$E$2:$E$500,MATCH(1,(Reservas!$A$2:$A$500=$A4)*(Reservas!$C$2:$C$500<=C$1)*(Reservas!$D$2:$D$500>C$1),0)),"")} | D4: {=IFERROR(INDEX(Reservas!$E$2:$E$500,MATCH(1,(Reservas!$A$2:$A$500=$A4)*(Reservas!$C$2:$C$500<=D$1)*(Reservas!$D$2:$D$500>D$1),0)),"")} | E4: {=IFERROR(INDEX(Reservas!$E$2:$E$500,MATCH(1,(Reservas!$A$2:$A$500=$A4)*(Reservas!$C$2:$C$500<=E$1)*(Reservas!$D$2:$D$500>E$1),0)),"")} | F4: {=IFERROR(INDEX(Reservas!$E$2:$E$500,MATCH(1,(Reservas!$A$2:$A$500=$A4)*(Reservas!$C$2:$C$500<=F$1)*(Reservas!$D$2:$D$500>F$1),0)),"")} | G4: {=IFERROR(INDEX(Reservas!$E$2:$E$500,MATCH(1,(Reservas!$A$2:$A$500=$A4)*(Reservas!$C$2:$C$500<=G$1)*(Reservas!$D$2:$D$500>G$1),0)),"")} | H4: {=IFERROR(INDEX(Reservas!$E$2:$E$500,MATCH(1,(Reservas!$A$2:$A$500=$A4)*(Reservas!$C$2:$C$500<=H$1)*(Reservas!$D$2:$D$500>H$1),0)),"")} | I4: {=IFERROR(INDEX(Reservas!$E$2:$E$500,MATCH(1,(Reservas!$A$2:$A$500=$A4)*(Reservas!$C$2:$C$500<=I$1)*(Reservas!$D$2:$D$500>I$1),0)),"")} | ... AF4: {=IFERROR(INDEX(Reservas!$E$2:$E$500,MATCH(1,(Reservas!$A$2:$A$500=$A4)*(Reservas!$C$2:$C$500<=AF$1)*(Reservas!$D$2:$D$500>AF$1),0)),"")}

Sheet Gastos
A1: Fecha | B1: Apartamento | C1: Categoría | D1: Proveedor | E1: Descripción | F1: Importe
A2: 46001 | B2: Caiño | C2: Comisiones | D2: noe | F2: 50

Sheet General
A1: Resumen Casa do Barqueiro
A3: Total ingresos (todas las reservas): | B3: =SUM(Reservas!F2:F500) -> 900
A4: Total gastos (todos los apartamentos): | B4: =SUM(Gastos!F2:F500) -> 50
A5: Beneficio total: | B5: =B3-B4 -> 850
A7: Ingresos por apartamento | D7: Gastos por apartamento
A8: Apartamento | B8: Ingresos | D8: Apartamento | E8: Gastos
A9: Caiño | B9: =SUMIF(Reservas!A:A,"Caiño",Reservas!F:F) -> 100 | D9: Caiño | E9: =SUMIF(Gastos!B:B,"Caiño",Gastos!F:F) -> 50
A10: Loureira | B10: =SUMIF(Reservas!A:A,"Loureira",Reservas!F:F) -> 800 | D10: Loureira | E10: =SUMIF(Gastos!B:B,"Loureira",Gastos!F:F) -> 0
A11: Treixadura | B11: =SUMIF(Reservas!A:A,"Treixadura",Reservas!F:F) -> 0 | D11: Treixadura | E11: =SUMIF(Gastos!B:B,"Treixadura",Gastos!F:F) -> 0
A13: Beneficio por apartamento
A14: Apartamento | B14: Beneficio
A15: Caiño | B15: =B9-E9 -> 50
A16: Loureira | B16: =B10-E10 -> 800
A17: Treixadura | B17: =B11-E11 -> 0
